Metric,Value
Test Accuracy,0.956140350877193
Test F1-Score,0.9655172413793104
Test Precision,0.958904109589041
Test Recall,0.9722222222222222
ROC AUC Score,0.9933862433862434
